Metric,Value
Accuracy,0.8319699190429711
Precision,0.8411654666845564
Recall,0.9802155345074881
F1 Score,0.9053827365013853
ROC-AUC,0.6977753390526946
