Metric,Value
Accuracy,0.8679231485808939
Precision,0.8792040070646943
Recall,0.9725878354804947
F1 Score,0.9235412993304204
ROC-AUC,0.8534984661459989
