Metric,Value
Accuracy,0.8682421440736254
Precision,0.8810887428439341
Recall,0.9703019809016785
F1 Score,0.9235458961380301
ROC-AUC,0.8544927386687049
