Metric,Value
Accuracy,0.8668623031050661
Precision,0.9049806150459229
Recall,0.9359379239943661
F1 Score,0.9201989769115891
